<templateManifest typeOfTemplate="Module">
  <name>Website Sitecore Helix Module with Unicorn - SDK PROJECT STYLE (example)</name>
  <description>Targets Website roles (standalone,cm,cd). IncludeS Unicorn configuration.</description>
  <description></description>
  <version>2.0.0</version>
  <author>Anders Laub</author>
  <sourceFolder>/src</sourceFolder>
  <saveOnCreate>true</saveOnCreate>
  <templateEngine type="LaubPlusCo.Foundation.HelixTemplating.TemplateEngine.DefaultHelixTemplateEngine, LaubPlusCo.Foundation.HelixTemplating" />
  <replacementTokens>
    <token key="$layerName$" displayName="Create on Layer" default="Feature" input="Selection" required="true">
      <option name="Project" />
      <option name="Feature" />
      <option name="Foundation" />
    </token>
    <token key="$moduleName$" displayName="Module name" default="$safeprojectname$" input="Text" required="true" validationType="LaubPlusCo.Foundation.HelixTemplating.Tokens.ValidateModuleNameToken, LaubPlusCo.Foundation.HelixTemplating" />
    <token key="$moduleNamespace$" displayName="Module namespace" required="true" default="$layerName$.$safeprojectname$" input="Text" suggestType="LaubPlusCo.Foundation.HelixTemplating.Tokens.SuggestNamespaceToken, LaubPlusCo.Foundation.HelixTemplating" validationType="LaubPlusCo.Foundation.HelixTemplating.Tokens.ValidateNamespaceToken, LaubPlusCo.Foundation.HelixTemplating" />
    <token key="$projectrootfolderName$" displayName="Project root folder name (f. ex. code, website, platform, commerce, xconnect)" required="true" default="platform" input="Text" />
    <token key="$netframeworkversion$" displayName="Target Framework" default="net472" required="true" input="Text" />
    <tokenSection displayName="Unicorn">
      <token key="$useItemFolder$" type="Checkbox" displayName="Serialize items to .\items rather than specific serialization folder within module." helpText="Serialized items will be stored in .\items. See Habitat Home Platform for example." />
      <token key="$unicornDependencies$" displayName="Unicorn dependencies" default="Foundation.Serialization" input="Selection" required="true">
        <option name="Foundation.Serialization" />
        <option name="Foundation.*" />
        <option name="Feature.*" />
      </token>
    </tokenSection>
  </replacementTokens>
  <projectsToAttach>
    <projectFile path="/src/$layerName$/$modulename$/$projectrootfolderName$/$moduleNamespace$.csproj" />
  </projectsToAttach>
  <skipAttach>
    <folder path="/src/$layerName$/$modulename$/serialization/" />
  </skipAttach>
  <ignorePaths>
    <file path="/template.manifest.xml" />
    <path path="/items" condition="$useItemFolder$" />
    <path path="/items" condition="!$useItemFolder$" />
  </ignorePaths>
</templateManifest>