<templateManifest typeOfTemplate="Module">
  <name>Sitecore AspNet Rendering host Helix Feature layer Module (example)</name>
  <description>Targets both platform and rendering host. 
  
Important: Depends on the msbuild setup found in the Solution template for Sitecore 10.2.</description>
  <version>1.0.0</version>
  <author>Anders Laub</author>
  <sourceFolder>/src</sourceFolder>
  <saveOnCreate>true</saveOnCreate>
  <templateEngine type="LaubPlusCo.Foundation.HelixTemplating.TemplateEngine.DefaultHelixTemplateEngine, LaubPlusCo.Foundation.HelixTemplating" />
  <replacementTokens>
    <token key="$moduleName$" displayName="Module name" default="$safeprojectname$" input="Text" required="true" validationType="LaubPlusCo.Foundation.HelixTemplating.Tokens.ValidateModuleNameToken, LaubPlusCo.Foundation.HelixTemplating" />
    <token key="$moduleNamespace$" displayName="Module namespace" required="true" default="Feature.$safeprojectname$" input="Text" suggestType="LaubPlusCo.Foundation.HelixTemplating.Tokens.SuggestNamespaceToken, LaubPlusCo.Foundation.HelixTemplating" validationType="LaubPlusCo.Foundation.HelixTemplating.Tokens.ValidateNamespaceToken, LaubPlusCo.Foundation.HelixTemplating" />
    <token key="$serializationDeps$" displayName="Serialization dependencies" default="Foundation.*" input="Selection" required="true">
      <option name="None" key="" />
      <option name="Foundation.*" />
      <option name="Environment.*" />
    </token>    
    <token key="$platformFrameworkversion$" displayName="Platform Target Framework" default="net48" required="true" input="Text" />
    <token key="$renderingFrameworkversion$" displayName="Rendering Target Framework" default="netcoreapp3.1" required="true" input="Text" />
  </replacementTokens>
  <projectsToAttach>
    <projectFile path="/src/Feature/$modulename$/platform/$moduleNamespace$.Platform.csproj" />
    <projectFile path="/src/Feature/$modulename$/rendering/$moduleNamespace$.Rendering.csproj" />
    <projectFile path="/src/Feature/$modulename$/shared/$moduleNamespace$.Shared.csproj" />
  </projectsToAttach>
  <ignoreFiles>
    <file path="/template.manifest.xml" />
  </ignoreFiles>
</templateManifest>