<templateManifest typeOfTemplate="Module">
  <name>Website Helix Module with TDS</name>
  <description>Targets Website roles (standalone,cm,cd). Include TDS projects</description>
  <version>2.0.0</version>
  <author>Anders Laub</author>
  <sourceFolder>/src</sourceFolder>
  <saveOnCreate>true</saveOnCreate>
  <templateEngine type="LaubPlusCo.Foundation.HelixTemplating.TemplateEngine.DefaultHelixTemplateEngine, LaubPlusCo.Foundation.HelixTemplating" />
  <replacementTokens>
    <token key="$layerName$" displayName="Create on Layer" default="Feature" input="Selection" required="true">
      <option name="Project" />
      <option name="Feature" />
      <option name="Foundation" />
    </token>
    <token key="$moduleName$" displayName="Module name" default="$safeprojectname$" input="Text" required="true" validationType="LaubPlusCo.Foundation.HelixTemplating.Tokens.ValidateModuleNameToken, LaubPlusCo.Foundation.HelixTemplating" />
    <token key="$moduleNamespace$" displayName="Module namespace" required="true" default="$layerName$.$safeprojectname$" input="Text" suggestType="LaubPlusCo.Foundation.HelixTemplating.Tokens.SuggestNamespaceToken, LaubPlusCo.Foundation.HelixTemplating" validationType="LaubPlusCo.Foundation.HelixTemplating.Tokens.ValidateNamespaceToken, LaubPlusCo.Foundation.HelixTemplating" />
    <token key="$projectrootfolderName$" displayName="Project root folder name (f. ex. code, website, commerce, xconnect)" required="true" default="code" input="Text" />
    <token key="$netframeworkversion$" displayName="Target Framework" default="net472" required="true" input="Text" />
    <token key="$tdsVersion$" displayName="TDS version" default="" required="true" input="Text" />
  </replacementTokens>
  <projectsToAttach>
    <projectFile path="/src/$layerName$/$modulename$/$projectrootfolderName$/$moduleNamespace$.csproj" />
    <projectFile path="/src/$layerName$/$modulename$/tds/core/$modulenamespace$.tds.Core.scproj" />
    <projectFile path="/src/$layerName$/$modulename$/tds/master/$modulenamespace$.tds.Master.scproj" />
  </projectsToAttach>
  <ignoreFiles>
    <file path="/template.manifest.xml" />
  </ignoreFiles>
  <skipAttach>
    <folder path="/src/$layerName$/$modulename$/tds" />
  </skipAttach>
</templateManifest>