<templateManifest typeOfTemplate="Solution">
  <name>Clean Helix Solution with msbuild auto-publishing.</name>
  <description>Blank Helix Solution with msbuild targets setup for dotnet project file format using PackageReferences with transient inheritance.

Important: This template use the dotnet project file format and require VS2017 (15.6) or newer. Projects using the old csproj format will have to be updated.
  </description>
  <link text="Read more on github..">https://github.com/LaubPlusCo/helix-msbuild-example</link>
  <version>1.0.0</version>
  <author>Anders Laub</author>
  <sourceFolder>/src</sourceFolder>
  <saveOnCreate>true</saveOnCreate>
  <templateEngine type="LaubPlusCo.Foundation.HelixTemplating.TemplateEngine.DefaultHelixTemplateEngine, LaubPlusCo.Foundation.HelixTemplating" />
  <replacementTokens>
    <token key="$sitecoreVersion$" displayName="Sitecore kernel version" default="9.1.0" helpText="Used for solution-wide package references. See .\Build\props\Website.PackageReferences.props" required="true" input="Text" />
    <token key="$publishRootDir$" displayName="Publish file path" required="true" default="C:\Websites\Sitecore.Solution\Website" helpText="File path to the local publish target Sitecore website instance." input="Text" />
    <token key="$autoPublishOnBuild$" helpText="Automatically publish project or full solution on successful builds" displayName="Enable auto-publish on build" default="true" input="Checkbox" required="true" />
    <token key="$runXmlTransformsOnPublish$" displayName="Run XML transformations on publish?" helpText="Transform all xdt files from source into target xml files on the same relative path." default="true" input="Checkbox" required="true" />
    <token key="$transformFilePostfix$" displayName="File postfix of xdt files to transform" helpText="File postfix used for xdt transforms. Naming convention for finding target files - [target filename].[target extension].{build Configuration}|Any].{POSTFIX}" required="true" default="xdt" input="Text" />
  </replacementTokens>
  <projectsToAttach />
  <virtualSolutionFolders>
    <virtualSolutionFolder name="Build">
      <file path="/.editorconfig" />
      <file path="/nuget.config" />
      <file path="/Directory.Build.targets" />
      <file path="/Directory.Build.props" />
      <file path="/README.md" />
      <file path="/build/Solution.config" />
      <virtualSolutionFolder name="props">
        <file path="/build/props/Website.Publishing.props" />
        <file path="/build/props/Website.BuildProperties.props" />
        <file path="/build/props/Website.ProjectContent.props" />
        <file path="/build/props/Website.References.props" />
        <file path="/build/props/Website.PackageReferences.props" />
      </virtualSolutionFolder>
      <virtualSolutionFolder name="targets">
        <file path="/build/targets/Website.AutoPublish.targets" />
        <file path="/build/targets/Website.PublishSingleItem.targets" />
        <file path="/build/targets/Website.TransformXml.targets" />
        <file path="/build/targets/Website.RemoveDoNotPublishAssembly.targets" />
        <file path="/build/targets/Website.DoNotPublishAssembly.props" />
      </virtualSolutionFolder>
    </virtualSolutionFolder>
  </virtualSolutionFolders>
  <ignoreFiles>
    <file path="/template.manifest.xml" />
  </ignoreFiles>
</templateManifest>