<templateManifest typeOfTemplate="Solution">
  <name>Empty Helix Solution for a Sitecore XP 9.3 solution (SDK PROJECT STYLE)</name>
  <description>This template is configured to publish to a locally installed Sitecore XP0 setup.

Important: This template use the SDK project file format and require VS2017 (15.6) or newer. 
See comments found in ./_Build folder files for more details on build and auto publish from Visual Studio.
  </description>
  <version>1.1.0</version>
  <author>Anders Laub</author>
  <sourceFolder>/src</sourceFolder>
  <saveOnCreate>true</saveOnCreate>
  <templateEngine type="LaubPlusCo.Foundation.HelixTemplating.TemplateEngine.DefaultHelixTemplateEngine, LaubPlusCo.Foundation.HelixTemplating" />
  <replacementTokens>

    <token key="$sitecoreVersion$" displayName="Sitecore kernel version" default="9.3.0" helpText="Used for solution-wide website package references. See .\Build\props\Website.PackageReferences.props" required="true" input="Text" />
    <token key="$autoPublishOnBuild$" helpText="Automatically publish project or full solution on successful builds" displayName="Enable auto-publish on build" default="true" input="Checkbox" required="true" />
    <token key="$runXmlTransformsOnPublish$" displayName="Run XML transformations on publish?" helpText="Transform all xdt files from source into target xml files on the same relative path." default="true" input="Checkbox" required="true" />
    <token key="$transformFilePostfix$" displayName="File postfix of xdt files to transform" helpText="File postfix used for xdt transforms. Naming convention for finding target files - [target filename].[target extension].{build Configuration}|Any].{POSTFIX}" required="true" default="xdt" input="Text" />
    <tokenSection displayName="Publish paths">
      <token key="$publishRootPath$" displayName="Publish root path" default="C:\inetpub\wwwroot\$safeprojectname$\" helpText="Root path for all Sitecore instances - leave empty if instances do not share root path." input="Text" />
      <token key="$publishPathWebsite$" displayName="Website publish folder" required="true" default="$(PublishRootPath)\Website" helpText="File path to the local Sitecore website instance." input="Text" />
      <token key="$publishPathXConnect$" displayName="xConnect publish folder" required="true" default="$(PublishRootPath)\xconnect\" helpText="File path to the local Sitecore xConnect instance." input="Text" />
      <token key="$publishPathXCProcessing$" displayName="xConnect Processing Engine publish folder" required="true" default="$(PublishRootPath)\xconnect-processingengine" helpText="File path to the local xConnect Processing Engine instance." input="Text" />
      <token key="$publishPathXCIndexWorker$" displayName="xConnect Index Worker publish folder" required="true" default="$(PublishRootPath)\xconnect-indexworker" helpText="File path to the local Sitecore xConnect Index Worker instance." input="Text" />
      <token key="$publishPathXCAutomationEngine$" displayName="xConnect Automation Engine publish folder" required="true" default="$(PublishRootPath)\xconnect-automationengine" helpText="File path to the local Sitecore xConnect Automation Engine instance." input="Text" />
      <token key="$publishPathIdentity$" displayName="Sitecore Identity publish folder" required="true" default="$(PublishRootPath)\identity" helpText="File path to the local Sitecore Identity instance." input="Text" />
    </tokenSection>
    <tokenSection displayName="Release">
      <token key="$useReleaseBuildFolders$" displayName="Use different publish targets on release builds" default="false" helpText="If checked release builds will use below folders as publishing target." input="Checkbox" />
      <token key="$releasePublishRootPath$" displayName="Publish root path" default="$(SolutionRoot)\Release" helpText="Root path for all Sitecore instances - leave empty if instances do not share root path." input="Text" />
      <token key="$releasePublishPathWebsite$" displayName="Website publish folder" required="true" default="$(ReleaseBuildFolder)\Website" helpText="File path to the local Sitecore website instance." input="Text" />
      <token key="$releasePublishPathXConnect$" displayName="xConnect publish folder" required="true" default="$(ReleaseBuildFolder)\xconnect\" helpText="File path to the local Sitecore xConnect instance." input="Text" />
      <token key="$releasePublishPathXCProcessing$" displayName="xConnect Processing Engine publish folder" required="true" default="$(ReleaseBuildFolder)\xconnect-processingengine" helpText="File path to the local xConnect Processing Engine instance." input="Text" />
      <token key="$releasePublishPathXCIndexWorker$" displayName="xConnect Index Worker publish folder" required="true" default="$(ReleaseBuildFolder)\xconnect-indexworker" helpText="File path to the local Sitecore xConnect Index Worker instance." input="Text" />
      <token key="$releasePublishPathXCAutomationEngine$" displayName="xConnect Automation Engine publish folder" required="true" default="$(ReleaseBuildFolder)\xconnect-automationengine" helpText="File path to the local Sitecore xConnect Automation Engine instance." input="Text" />
      <token key="$releasePublishPathIdentity$" displayName="Sitecore Identity publish folder" required="true" default="$(ReleaseBuildFolder)\identity" helpText="File path to the local Sitecore Identity instance." input="Text" />
    </tokenSection>
  </replacementTokens>
  <projectsToAttach />
  <virtualSolutionFolders>
    <virtualSolutionFolder name="_Solution">
      <file path="/$emptyString$.editorconfig" />
      <file path="/$emptyString$.gitattributes" />
      <file path="/$emptyString$.gitignore" />
      <file path="/nuget.config" />
      <file path="/README.md" />
    </virtualSolutionFolder>
    <virtualSolutionFolder name="_Build">
      <file path="/Directory.Build.targets" />
      <file path="/Directory.Build.props" />
      <file path="/Default.Properties.props.user" />
      <file path="/_build/AssemblyBindings.config" />
      <virtualSolutionFolder name="props">
        <file path="/_build/props/_NetFramework.PublishProfile.props" />
        <file path="/_build/props/_NetFramework.References.props" />
        <file path="/_build/props/_SitecoreRoleType.props" />
        <file path="/_build/props/_SitecoreHost.Client.props" />
        <file path="/_build/props/_TestProject.props" />
        <file path="/_build/props/Default.Compiler.props" />
        <file path="/_build/props/Default.ProjectContent.props" />
        <file path="/_build/props/Default.Properties.props" />
        <file path="/_build/props/Default.Publishing.props" />
        <file path="/_build/props/Identity.Publishing.props" />
        <file path="/_build/props/Identity.References.props" />
        <file path="/_build/props/Website.DoNotPublishAssemblies.props" />
        <file path="/_build/props/Website.Publishing.props" />
        <file path="/_build/props/Website.References.props" />
      </virtualSolutionFolder>
      <virtualSolutionFolder name="targets">
        <file path="/_build/targets/AutoPublish.targets" />
        <file path="/_build/targets/InvokeWebPublish.targets" />
        <file path="/_build/targets/TouchConfig.targets" />
        <file path="/_build/targets/PublishSingleItem.targets" />
        <file path="/_build/targets/TransformXml.targets" />
        <file path="/_build/targets/RemoveNotPublishedAssemblies.targets" />
      </virtualSolutionFolder>
    </virtualSolutionFolder>
  </virtualSolutionFolders>
  <ignoreFiles>
    <file path="/template.manifest.xml" />
  </ignoreFiles>
</templateManifest>