<templateManifest typeOfTemplate="Module">
  <name>Example Helix Website Module</name>
  <description>Basic Helix module targeting website Sitecore instances. 
    The template uses the dotnet project file format. NOTE: Require VS2017 (15.6) or newer</description>
  <version>0.0.5</version>
  <author>Anders Laub</author>
  <sourceFolder>/src</sourceFolder>
  <saveOnCreate>true</saveOnCreate>
  <templateEngine type="LaubPlusCo.Foundation.HelixTemplating.TemplateEngine.DefaultHelixTemplateEngine, LaubPlusCo.Foundation.HelixTemplating" />
  <replacementTokens>
    <token key="$layerName$" displayName="Create on Layer" default="Feature" input="Selection" required="true">
      <option name="Project" />
      <option name="Feature" />
      <option name="Foundation" />
    </token>
    <token key="$moduleName$" displayName="Module name" default="$safeprojectname$" input="Text" required="true" validationType="LaubPlusCo.Foundation.HelixTemplating.Tokens.ValidateModuleNameToken, LaubPlusCo.Foundation.HelixTemplating" />
    <token key="$moduleNamespace$" displayName="Module namespace" required="true" default="$layerName$.$safeprojectname$" input="Text" suggestType="LaubPlusCo.Foundation.HelixTemplating.Tokens.SuggestNamespaceToken, LaubPlusCo.Foundation.HelixTemplating" validationType="LaubPlusCo.Foundation.HelixTemplating.Tokens.ValidateNamespaceToken, LaubPlusCo.Foundation.HelixTemplating" />
    <token key="$projectrootfolderName$" displayName="Project root folder name (f. ex. code, website, commerce, xconnect)" required="true" default="website" input="Text" />
    <token key="$sitecoreVersion$" displayName="Sitecore kernel version (for PackageReference)" default="[9.1.0]" required="true" input="Text" />
    <token key="$netframeworkversion$" displayName="Target .NET Framework" default="net472" required="true" input="Text" />
    <token key="$unicornDependencies$" displayName="Unicorn dependencies" default="Foundation.Serialization" input="Selection" required="true">
      <option name="Foundation.Serialization" />
      <option name="Foundation.*" />
      <option name="Feature.*" />
    </token>
  </replacementTokens>
  <projectsToAttach>
    <projectFile path="/src/$layerName$/$modulename$/$projectrootfolderName$/$moduleNamespace$.csproj" />
  </projectsToAttach>
  <skipAttach>
    <folder path="/src/$layerName$/$modulename$/serialization/" />
  </skipAttach>
  <ignoreFiles>
    <file path="/template.manifest.xml" />
  </ignoreFiles>
</templateManifest>
