<templateManifest typeOfTemplate="Solution">
  <name>Clean Helix Solution with msbuild targets for auto-publishing.</name>
  <description>Blank Helix Solution with msbuild targets setup. 
    The template uses the VS 2017 dotnet project file format. 
    
    NOTE: Require VS2017 (15.6) or newer</description>
  <version>1.0.0</version>
  <author>Anders Laub</author>
  <sourceFolder>/src</sourceFolder>
  <saveOnCreate>true</saveOnCreate>
  <templateEngine type="LaubPlusCo.Foundation.HelixTemplating.TemplateEngine.DefaultHelixTemplateEngine, LaubPlusCo.Foundation.HelixTemplating" />
  <replacementTokens>
    <token key="$publishUrl$" displayName="Publish to file path" required="true" default="C:\Websites\Sitecore.Solution\Website" input="Text" />
    <token key="$autopublishonbuild$" displayName="Enable auto-publish on build" default="true" input="Selection" required="true">
      <option name="true" />
      <option name="false" />
    </token>
    <token key="$transformxmlonpublish$" displayName="Run XML transformations on publish?" default="true" input="Selection" required="true">
      <option name="true" />
      <option name="false" />
    </token>
     <token key="$transformfilepostfix$" displayName="File postfix of xml files to transform" required="true" default="xdt" input="Text" />
  </replacementTokens>
  <projectsToAttach />
  <virtualSolutionFolders>
    <virtualSolutionFolder name="Build">
      <file path="/.editorconfig" />
      <file path="/nuget.config" />
      <file path="/Directory.Build.targets" />
      <file path="/Directory.Build.props" />
      <file path="/README.md" />
      <virtualSolutionFolder name="props">
        <file path="/build/props/Build.Properties.props" />
        <file path="/build/props/Publish.Properties.props" />
        <file path="/build/props/Build.Content.props" />
        <file path="/build/props/Build.References.props" />
        <file path="/build/props/Build.PackageReferences.props" />
        <file path="/build/props/Build.Content.props" />
      </virtualSolutionFolder>
      <virtualSolutionFolder name="targets">
        <file path="/build/targets/Website.AutoPublish.targets" />
        <file path="/build/targets/Website.TransformXml.targets" />
      </virtualSolutionFolder>
    </virtualSolutionFolder>
  </virtualSolutionFolders>
  <ignoreFiles>
    <file path="/template.manifest.xml" />
  </ignoreFiles>
</templateManifest>