<templateManifest typeOfTemplate="Module">
  <name>Foundation layer Module with Unicorn serialization</name>
  <description>Foundation layer module in Habitat style with Unicorn serialization configured.</description>
  <version>1.0.0</version>
  <author>Anders Laub</author>
  <sourceFolder>/src</sourceFolder>
  <saveOnCreate>true</saveOnCreate>
  <templateEngine type="LaubPlusCo.Foundation.HelixTemplating.TemplateEngine.DefaultHelixTemplateEngine, LaubPlusCo.Foundation.HelixTemplating" />
  <replacementTokens>
    <token key="$moduleName$" displayName="Module name" default="$safeprojectname$" input="Text"
           validationType="LaubPlusCo.Foundation.HelixTemplating.Tokens.ValidateModuleNameToken, LaubPlusCo.Foundation.HelixTemplating" />
    <token key="$moduleNamespace$" displayName="Module namespace" required="true" default="Foundation.$safeprojectname$" input="Text"
        suggestType="LaubPlusCo.Foundation.HelixTemplating.Tokens.SuggestNamespaceToken, LaubPlusCo.Foundation.HelixTemplating"
        validationType="LaubPlusCo.Foundation.HelixTemplating.Tokens.ValidateNamespaceToken, LaubPlusCo.Foundation.HelixTemplating" />
    <token key="$sitecoreVersion$" displayName="Sitecore version (for Sitecore nuget packages)" default="8.2.161115" required="true" input="Text"
        validationType="LaubPlusCo.Foundation.HelixTemplating.Tokens.ValidateVersionNumberToken, LaubPlusCo.Foundation.HelixTemplating" />
  </replacementTokens>
  <projectsToAttach>
    <projectFile path="/src/Foundation/$modulename$/code/$moduleNamespace$.csproj" />
  </projectsToAttach>
  <ignoreFiles>
    <file path="/template.manifest.xml" />
  </ignoreFiles>
</templateManifest>