<templateManifest typeOfTemplate="Module">
  <name>Project layer Module with Unicorn serialization</name>
  <description> layer module in Habitat style with Unicorn serialization configured.</description>
  <version>1.0.0</version>
  <author>Anders Laub</author>
  <sourceFolder>/src</sourceFolder>
  <saveOnCreate>true</saveOnCreate>
  <templateEngine type="LaubPlusCo.Foundation.HelixTemplating.TemplateEngine.DefaultHelixTemplateEngine, LaubPlusCo.Foundation.HelixTemplating" />
  <replacementTokens>
    <token key="$moduleName$" displayName="Module name" default="$safeprojectname$" input="Text" required="true"
           validationType="LaubPlusCo.Foundation.HelixTemplating.Tokens.ValidateModuleNameToken, LaubPlusCo.Foundation.HelixTemplating" />
    <token key="$moduleNamespace$" displayName="Module namespace" input="Text" required="true" default="Project.$moduleName$"
           suggestType="LaubPlusCo.Foundation.HelixTemplating.Tokens.SuggestNamespaceToken, LaubPlusCo.Foundation.HelixTemplating"
           validationType="LaubPlusCo.Foundation.HelixTemplating.Tokens.ValidateNamespaceToken, LaubPlusCo.Foundation.HelixTemplating" />
    <token key="$sitecoreVersion$" displayName="Sitecore version (for Sitecore nuget packages)" default="8.2.161115" input="Text" required="true"
           validationType="LaubPlusCo.Foundation.HelixTemplating.Tokens.ValidateVersionNumberToken, LaubPlusCo.Foundation.HelixTemplating" />
  </replacementTokens>
  <projectsToAttach>
    <projectFile path="/src/Project/$modulename$/code/$moduleNamespace$.csproj" />
  </projectsToAttach>
  <ignoreFiles>
    <file path="/template.manifest.xml" />
  </ignoreFiles>
</templateManifest>