<templateManifest typeOfTemplate="Solution">
  <name>Clean Helix Solution</name>
  <description>A blank Helix Solution.</description>
  <version>1.0.0</version>
  <author>Anders Laub</author>
  <sourceFolder>/src</sourceFolder>
  <saveOnCreate>true</saveOnCreate>
  <templateEngine type="LaubPlusCo.Foundation.HelixTemplating.TemplateEngine.DefaultHelixTemplateEngine, LaubPlusCo.Foundation.HelixTemplating" />
  <replacementTokens>
    <token key="$publishUrl$" displayName="Publish URL" required="true" default="http://" input="Text" />
  </replacementTokens>
  <projectsToAttach />
  <virtualSolutionFolders>
    <virtualSolutionFolder name="Build">
      <file path="/.editorconfig" />
      <file path="/nuget.config" />
      <file path="/package.json" />
      <file path="/README.md" />
      <file path="/publishsettings.targets" />
    </virtualSolutionFolder>
  </virtualSolutionFolders>
  <ignoreFiles>
    <file path="/template.manifest.xml" />
  </ignoreFiles>
</templateManifest>